{"cameraMode":{"drawMode":0,"name":"Shaded","section":"Shading Mode"},"sceneLighting":true,"audioPlay":false,"sceneViewState":{"showFog":true,"showMaterialUpdate":false,"showSkybox":true,"showFlares":true,"showImageEffects":true,"showParticleSystems":true,"showVisualEffectGraphs":true,"m_FxEnabled":false},"in2DMode":false,"pivot":{"x":0.7195468544960022,"y":0.1543135643005371,"z":-0.07347191870212555},"rotation":{"x":-0.7228149175643921,"y":0.005589873995631933,"z":-0.005851401947438717,"w":-0.6909979581832886},"size":0.5797075033187866,"orthographic":false}