{"cameraMode":{"drawMode":0,"name":"Shaded","section":"Shading Mode"},"sceneLighting":true,"audioPlay":false,"sceneViewState":{"showFog":true,"showMaterialUpdate":false,"showSkybox":true,"showFlares":true,"showImageEffects":true,"showParticleSystems":true,"showVisualEffectGraphs":true,"m_FxEnabled":false},"in2DMode":false,"pivot":{"x":0.02583814598619938,"y":-0.3654601573944092,"z":-10.056014060974121},"rotation":{"x":-0.0027687775436788799,"y":-0.7032703757286072,"z":0.7109232544898987,"w":-0.002738900249823928},"size":0.7581481337547302,"orthographic":false}