{"cameraMode":{"drawMode":0,"name":"Shaded","section":"Shading Mode"},"sceneLighting":true,"audioPlay":false,"sceneViewState":{"showFog":true,"showMaterialUpdate":false,"showSkybox":true,"showFlares":true,"showImageEffects":true,"showParticleSystems":true,"showVisualEffectGraphs":true,"m_FxEnabled":false},"in2DMode":false,"pivot":{"x":-0.04691898822784424,"y":-8.697373390197754,"z":10.738198280334473},"rotation":{"x":-0.34183692932128909,"y":0.011832487769424916,"z":-0.004307471215724945,"w":-0.9396781921386719},"size":8.40388011932373,"orthographic":false}